question,answer_a,answer_b,winner_after_swap,run1_winner,run2_winner
Dữ liệu cá nhân nhạy cảm bao gồm những loại nào theo Nghị định 13/2023?,"Dữ liệu cá nhân nhạy cảm theo Nghị định 13/2023 bao gồm: quan điểm chính trị, quan điểm tôn giáo, tình trạng sức khỏe và đời tư được ghi trong hồ sơ bệnh án, thông tin liên quan đến nguồn gốc chủng tộc hoặc nguồn gốc dân tộc, thông tin về đặc điểm di truyền, thông tin sinh trắc học, thông tin về đời sống tình dục hoặc xu hướng tình dục, và dữ liệu về tội phạm.","Dữ liệu cá nhân nhạy cảm theo Nghị định 13/2023 bao gồm: quan điểm chính trị, quan điểm tôn giáo, tình trạng sức khỏe và đời tư được ghi trong hồ sơ bệnh án, thông tin liên quan đến nguồn gốc chủng tộc hoặc nguồn gốc dân tộc, thông tin về đặc điểm di truyền, thông tin sinh trắc học, thông tin về đời sống tình dục hoặc xu hướng tình dục, và dữ liệu về tội phạm.",tie,tie,tie
Tổ chức nước ngoài chuyển dữ liệu cá nhân ra khỏi Việt Nam cần đáp ứng những điều kiện gì?,"Tổ chức nước ngoài chuyển dữ liệu cá nhân ra khỏi Việt Nam cần đáp ứng các điều kiện sau:

1. Cần có sự đồng ý của chủ thể.
2. Hoàn thành đánh giá tác động chuyển giao.
3. Nước tiếp nhận phải đảm bảo mức bảo vệ dữ liệu tương đương.
4. Thông báo cho Bộ Công an trước khi thực hiện chuyển giao.","Tổ chức nước ngoài chuyển dữ liệu cá nhân ra khỏi Việt Nam cần đáp ứng các điều kiện sau:

1. Có sự đồng ý của chủ thể.
2. Hoàn thành đánh giá tác động chuyển giao.
3. Nước tiếp nhận đảm bảo mức bảo vệ dữ liệu tương đương.
4. Thông báo Bộ Công an trước khi chuyển.",tie,tie,tie
Sự khác biệt giữa bên kiểm soát dữ liệu và bên xử lý dữ liệu trong Nghị định 13/2023 là gì?,"Bên kiểm soát dữ liệu cá nhân quyết định mục đích và phương tiện xử lý, trong khi bên xử lý dữ liệu thực hiện xử lý thay mặt bên kiểm soát theo hợp đồng hoặc thỏa thuận.","Bên kiểm soát dữ liệu cá nhân quyết định mục đích và phương tiện xử lý, trong khi bên xử lý dữ liệu thực hiện xử lý thay mặt bên kiểm soát theo hợp đồng hoặc thỏa thuận.",tie,tie,tie
Chủ thể dữ liệu cá nhân có những quyền gì theo Nghị định 13/2023?,"Chủ thể dữ liệu cá nhân có các quyền sau theo Nghị định 13/2023: 

1. Được biết (Điều 8)
2. Đồng ý/không đồng ý (Điều 9)
3. Truy cập, chỉnh sửa (Điều 10)
4. Xóa (Điều 11)
5. Hạn chế xử lý (Điều 12)
6. Nhận bản sao (Điều 13)
7. Phản đối (Điều 14)
8. Khiếu nại, khởi kiện (Điều 15)
9. Bồi thường (Điều 16)
10. Tự bảo vệ.","Chủ thể dữ liệu cá nhân có các quyền sau theo Nghị định 13/2023: 

1. Được biết (Điều 8)
2. Đồng ý/không đồng ý (Điều 9)
3. Truy cập, chỉnh sửa (Điều 10)
4. Xóa (Điều 11)
5. Hạn chế xử lý (Điều 12)
6. Nhận bản sao (Điều 13)
7. Phản đối (Điều 14)
8. Khiếu nại, khởi kiện (Điều 15)
9. Bồi thường (Điều 16)
10. Tự bảo vệ.",tie,tie,tie
Nguyên tắc xử lý dữ liệu cá nhân theo Nghị định 13/2023 là gì?,Nguyên tắc xử lý dữ liệu cá nhân theo Nghị định 13/2023 bao gồm: xử lý theo pháp luật; chủ thể được biết; thu thập khi có đồng ý trừ luật định; dùng đúng mục đích; bảo mật trong xử lý; lưu trữ trong thời gian cần thiết; bên kiểm soát giải trình tuân thủ.,Nguyên tắc xử lý dữ liệu cá nhân theo Nghị định 13/2023 bao gồm: xử lý theo pháp luật; chủ thể được biết; thu thập khi có đồng ý trừ luật định; dùng đúng mục đích; bảo mật trong xử lý; lưu trữ trong thời gian cần thiết; bên kiểm soát giải trình tuân thủ.,tie,tie,tie
